caseid,window_index,window_start_s,window_end_s,anomaly_rank,anomaly_score,iforest_decision_function,anomaly_label
4,62,18600.0,18900.0,1,0.238905,-0.238905,1
4,64,19200.0,19500.0,2,0.104394,-0.104394,1
4,63,18900.0,19200.0,3,0.103739,-0.103739,1
8,6,1800.0,2100.0,4,0.095499,-0.095499,1
4,61,18300.0,18600.0,5,0.090201,-0.090201,1
4,66,19800.0,20100.0,6,0.084793,-0.084793,1
4,65,19500.0,19800.0,7,0.080977,-0.080977,1
4,60,18000.0,18300.0,8,0.070714,-0.070714,1
8,11,3300.0,3600.0,9,0.056455,-0.056455,1
8,2,600.0,900.0,10,0.047437,-0.047437,1
8,5,1500.0,1800.0,11,0.039405,-0.039405,1
4,67,20100.0,20400.0,12,0.023884,-0.023884,1
8,7,2100.0,2400.0,13,0.011295,-0.011295,1
8,4,1200.0,1500.0,14,0.002861,-0.002861,1
9,8,2400.0,2700.0,15,-0.004292,0.004292,0
8,3,900.0,1200.0,16,-0.013578,0.013578,0
4,4,1200.0,1500.0,17,-0.016569,0.016569,0
8,9,2700.0,3000.0,18,-0.016994,0.016994,0
9,11,3300.0,3600.0,19,-0.019782,0.019782,0
4,9,2700.0,3000.0,20,-0.021449,0.021449,0
9,9,2700.0,3000.0,21,-0.026263,0.026263,0
8,13,3900.0,4200.0,22,-0.026866,0.026866,0
4,14,4200.0,4500.0,23,-0.027651,0.027651,0
4,5,1500.0,1800.0,24,-0.02906,0.02906,0
8,10,3000.0,3300.0,25,-0.03039,0.03039,0
8,16,4800.0,5100.0,26,-0.039696,0.039696,0
9,10,3000.0,3300.0,27,-0.045864,0.045864,0
8,15,4500.0,4800.0,28,-0.046384,0.046384,0
8,8,2400.0,2700.0,29,-0.048748,0.048748,0
8,12,3600.0,3900.0,30,-0.049893,0.049893,0
4,34,10200.0,10500.0,31,-0.0555,0.0555,0
4,3,900.0,1200.0,32,-0.05794,0.05794,0
4,10,3000.0,3300.0,33,-0.059886,0.059886,0
9,7,2100.0,2400.0,34,-0.063611,0.063611,0
2,9,2700.0,3000.0,35,-0.064061,0.064061,0
9,3,900.0,1200.0,36,-0.064244,0.064244,0
8,14,4200.0,4500.0,37,-0.064865,0.064865,0
4,6,1800.0,2100.0,38,-0.065676,0.065676,0
4,7,2100.0,2400.0,39,-0.066946,0.066946,0
4,59,17700.0,18000.0,40,-0.067966,0.067966,0
4,15,4500.0,4800.0,41,-0.076234,0.076234,0
2,8,2400.0,2700.0,42,-0.081116,0.081116,0
9,6,1800.0,2100.0,43,-0.083749,0.083749,0
2,14,4200.0,4500.0,44,-0.086143,0.086143,0
4,33,9900.0,10200.0,45,-0.093026,0.093026,0
4,40,12000.0,12300.0,46,-0.097914,0.097914,0
4,16,4800.0,5100.0,47,-0.09899,0.09899,0
4,13,3900.0,4200.0,48,-0.099207,0.099207,0
4,17,5100.0,5400.0,49,-0.101265,0.101265,0
2,46,13800.0,14100.0,50,-0.101958,0.101958,0
2,12,3600.0,3900.0,51,-0.106534,0.106534,0
2,48,14400.0,14700.0,52,-0.107736,0.107736,0
4,8,2400.0,2700.0,53,-0.110972,0.110972,0
4,51,15300.0,15600.0,54,-0.11162,0.11162,0
4,37,11100.0,11400.0,55,-0.112836,0.112836,0
4,11,3300.0,3600.0,56,-0.118514,0.118514,0
4,28,8400.0,8700.0,57,-0.119667,0.119667,0
2,13,3900.0,4200.0,58,-0.121833,0.121833,0
2,10,3000.0,3300.0,59,-0.125365,0.125365,0
4,32,9600.0,9900.0,60,-0.125926,0.125926,0
4,12,3600.0,3900.0,61,-0.127977,0.127977,0
9,5,1500.0,1800.0,62,-0.128382,0.128382,0
2,6,1800.0,2100.0,63,-0.129099,0.129099,0
2,15,4500.0,4800.0,64,-0.12968,0.12968,0
4,41,12300.0,12600.0,65,-0.129808,0.129808,0
4,53,15900.0,16200.0,66,-0.130153,0.130153,0
9,4,1200.0,1500.0,67,-0.131031,0.131031,0
2,7,2100.0,2400.0,68,-0.131811,0.131811,0
4,19,5700.0,6000.0,69,-0.13251,0.13251,0
4,18,5400.0,5700.0,70,-0.134001,0.134001,0
4,35,10500.0,10800.0,71,-0.134527,0.134527,0
4,23,6900.0,7200.0,72,-0.136135,0.136135,0
4,36,10800.0,11100.0,73,-0.136637,0.136637,0
4,21,6300.0,6600.0,74,-0.136663,0.136663,0
4,20,6000.0,6300.0,75,-0.140579,0.140579,0
4,39,11700.0,12000.0,76,-0.140762,0.140762,0
4,24,7200.0,7500.0,77,-0.145769,0.145769,0
4,54,16200.0,16500.0,78,-0.145777,0.145777,0
4,22,6600.0,6900.0,79,-0.145894,0.145894,0
2,16,4800.0,5100.0,80,-0.146513,0.146513,0
4,25,7500.0,7800.0,81,-0.14795,0.14795,0
2,3,900.0,1200.0,82,-0.151196,0.151196,0
2,18,5400.0,5700.0,83,-0.152231,0.152231,0
4,47,14100.0,14400.0,84,-0.153307,0.153307,0
2,47,14100.0,14400.0,85,-0.153833,0.153833,0
4,52,15600.0,15900.0,86,-0.154291,0.154291,0
4,50,15000.0,15300.0,87,-0.154723,0.154723,0
2,4,1200.0,1500.0,88,-0.155185,0.155185,0
4,46,13800.0,14100.0,89,-0.155329,0.155329,0
2,25,7500.0,7800.0,90,-0.155774,0.155774,0
4,58,17400.0,17700.0,91,-0.157978,0.157978,0
2,26,7800.0,8100.0,92,-0.158182,0.158182,0
4,38,11400.0,11700.0,93,-0.159776,0.159776,0
4,57,17100.0,17400.0,94,-0.160553,0.160553,0
4,55,16500.0,16800.0,95,-0.160911,0.160911,0
2,22,6600.0,6900.0,96,-0.162386,0.162386,0
2,17,5100.0,5400.0,97,-0.164498,0.164498,0
2,5,1500.0,1800.0,98,-0.165045,0.165045,0
2,11,3300.0,3600.0,99,-0.165629,0.165629,0
4,56,16800.0,17100.0,100,-0.167945,0.167945,0
4,29,8700.0,9000.0,101,-0.168996,0.168996,0
4,26,7800.0,8100.0,102,-0.169621,0.169621,0
2,24,7200.0,7500.0,103,-0.172455,0.172455,0
2,20,6000.0,6300.0,104,-0.172808,0.172808,0
4,45,13500.0,13800.0,105,-0.173029,0.173029,0
4,48,14400.0,14700.0,106,-0.173558,0.173558,0
4,49,14700.0,15000.0,107,-0.174537,0.174537,0
2,27,8100.0,8400.0,108,-0.175228,0.175228,0
2,21,6300.0,6600.0,109,-0.175796,0.175796,0
4,42,12600.0,12900.0,110,-0.175904,0.175904,0
2,23,6900.0,7200.0,111,-0.176199,0.176199,0
2,19,5700.0,6000.0,112,-0.177143,0.177143,0
2,29,8700.0,9000.0,113,-0.178337,0.178337,0
2,35,10500.0,10800.0,114,-0.178911,0.178911,0
2,36,10800.0,11100.0,115,-0.181144,0.181144,0
2,30,9000.0,9300.0,116,-0.181931,0.181931,0
2,44,13200.0,13500.0,117,-0.18225,0.18225,0
4,27,8100.0,8400.0,118,-0.183268,0.183268,0
4,31,9300.0,9600.0,119,-0.183342,0.183342,0
4,43,12900.0,13200.0,120,-0.183428,0.183428,0
2,37,11100.0,11400.0,121,-0.183561,0.183561,0
2,28,8400.0,8700.0,122,-0.183752,0.183752,0
2,40,12000.0,12300.0,123,-0.184747,0.184747,0
4,44,13200.0,13500.0,124,-0.185475,0.185475,0
4,30,9000.0,9300.0,125,-0.186502,0.186502,0
2,32,9600.0,9900.0,126,-0.186591,0.186591,0
2,43,12900.0,13200.0,127,-0.188826,0.188826,0
2,42,12600.0,12900.0,128,-0.18945,0.18945,0
2,33,9900.0,10200.0,129,-0.189906,0.189906,0
2,31,9300.0,9600.0,130,-0.190268,0.190268,0
2,38,11400.0,11700.0,131,-0.191183,0.191183,0
2,45,13500.0,13800.0,132,-0.19165,0.19165,0
2,39,11700.0,12000.0,133,-0.191665,0.191665,0
2,34,10200.0,10500.0,134,-0.192687,0.192687,0
2,41,12300.0,12600.0,135,-0.194051,0.194051,0
